Frame,Force_N,Mag_Pixels,Timestamp
1,0.0,287.2102,1779893340.8442
2,0.0,287.2129,1779893340.9766
3,0.0,287.2295,1779893341.0849
4,0.0,287.1721,1779893341.1962
5,0.0,287.0082,1779893341.3041
6,0.0,286.8072,1779893341.4122
7,0.0,286.6538,1779893341.5201
8,0.0,286.8037,1779893341.6282
9,0.0,287.0333,1779893341.7378
10,0.0,287.1905,1779893341.8467
11,0.0,287.27,1779893341.9548
12,0.0,287.2709,1779893342.0633
13,0.0,287.2826,1779893342.1713
14,0.0,287.243,1779893342.2793
15,0.0,287.274,1779893342.3872
16,0.0,287.2247,1779893342.4953
17,0.0,287.2369,1779893342.6035
18,0.0,287.2724,1779893342.711
19,0.0,287.2749,1779893342.8192
20,0.0,287.284,1779893342.9272
21,0.0,287.2583,1779893343.0354
22,0.0,287.2664,1779893343.1441
23,0.0,287.2889,1779893343.253
24,0.0,287.282,1779893343.3609
25,0.0,287.2271,1779893343.4692
26,0.0,287.2776,1779893343.5778
27,0.0,287.2621,1779893343.6862
28,0.0,287.2762,1779893343.7943
29,0.0,287.2872,1779893343.9021
30,0.0,287.2565,1779893344.0104
31,0.0,287.2415,1779893344.1193
32,0.0,287.2604,1779893344.2274
33,0.0,287.2611,1779893344.3355
34,0.0,287.2916,1779893344.4443
35,0.0,287.2732,1779893344.5527
36,0.0,287.2762,1779893344.6611
37,0.0,287.292,1779893344.7699
38,0.0,287.2981,1779893344.8782
39,0.0,287.2822,1779893344.9864
40,0.0,287.2722,1779893345.0942
41,0.0,287.2576,1779893345.2022
42,0.0,287.257,1779893345.31
43,0.0,287.2839,1779893345.4182
44,0.0,287.2548,1779893345.5269
45,0.0,287.2931,1779893345.6351
46,0.0,287.2925,1779893345.7434
47,0.0,287.2855,1779893345.8507
48,0.0,287.2943,1779893345.9597
49,0.0,287.2956,1779893346.068
50,0.0,287.2761,1779893346.1764
51,0.0,287.2719,1779893346.2844
52,0.0,287.2747,1779893346.3929
53,0.0,287.3029,1779893346.5016
54,0.0,287.2867,1779893346.6105
55,0.0,287.2725,1779893346.7187
56,0.0,287.2879,1779893346.826
57,0.0,287.2839,1779893346.9343
58,0.0,287.3064,1779893347.0427
59,0.0,287.2488,1779893347.151
60,0.0,287.2744,1779893347.2594
61,0.0,287.2767,1779893347.3672
62,0.0,287.2639,1779893347.4754
63,0.0,287.2621,1779893347.5837
64,0.0,287.2591,1779893347.6921
65,0.0,287.2633,1779893347.8004
66,0.0,287.303,1779893347.9093
67,0.0,287.2538,1779893348.0177
68,0.0,287.314,1779893348.1266
69,0.0,287.3012,1779893348.2347
70,0.0,287.2829,1779893348.3423
71,-0.001,287.2539,1779893348.4504
72,-0.001,287.2904,1779893348.5589
73,-0.001,287.3122,1779893348.6669
74,-0.001,287.3044,1779893348.7752
75,-0.001,287.283,1779893348.8834
76,-0.001,287.2998,1779893348.9925
77,-0.001,287.2891,1779893349.1024
78,-0.001,287.2668,1779893349.212
79,-0.001,287.3103,1779893349.3203
80,-0.001,287.3095,1779893349.4281
81,-0.001,287.3092,1779893349.5362
82,-0.001,287.3094,1779893349.6455
83,-0.001,287.325,1779893349.7545
84,-0.001,287.282,1779893349.8622
85,-0.001,287.3244,1779893349.9707
86,-0.001,287.3076,1779893350.08
87,-0.001,287.3251,1779893350.1887
88,-0.001,287.3352,1779893350.2971
89,-0.001,287.3322,1779893350.4052
90,-0.001,287.3214,1779893350.5132
91,-0.001,287.3361,1779893350.6216
92,-0.001,287.2932,1779893350.7297
93,-0.001,287.2869,1779893350.8377
94,-0.001,287.3379,1779893350.9461
95,-0.001,287.3327,1779893351.0544
96,-0.001,287.3815,1779893351.1629
97,-0.001,287.346,1779893351.2712
98,-0.001,287.274,1779893351.3795
99,-0.001,287.111,1779893351.4879
100,-0.001,286.9049,1779893351.5964
101,-0.001,286.7364,1779893351.7047
102,-0.001,286.9786,1779893351.8139
103,-0.001,287.2289,1779893351.9222
104,-0.001,287.4049,1779893352.0305
105,0.0,287.5455,1779893352.1385
106,0.002,287.6195,1779893352.2466
107,0.006,287.5597,1779893352.3549
108,0.01,287.5763,1779893352.4633
109,0.01,287.5927,1779893352.5718
110,0.009,287.6047,1779893352.6804
111,0.008,287.568,1779893352.7886
112,0.008,287.5976,1779893352.8962
113,0.007,287.6234,1779893353.0045
114,0.006,287.6037,1779893353.1132
115,0.016,287.5511,1779893353.2211
116,0.115,287.6674,1779893353.3296
117,0.135,287.6498,1779893353.4389
118,0.156,287.6271,1779893353.5477
119,0.173,287.6396,1779893353.656
120,0.176,287.724,1779893353.764
121,0.172,287.8373,1779893353.8718
122,0.16,287.9102,1779893353.9802
123,0.006,287.7903,1779893354.0884
124,0.003,284.5742,1779893354.1966
125,0.003,287.2479,1779893354.3051
126,0.003,287.1985,1779893354.4137
127,0.003,287.4562,1779893354.5221
128,0.004,287.5672,1779893354.6301
129,0.007,287.5974,1779893354.7382
130,0.123,287.6542,1779893354.8465
131,0.028,287.6125,1779893354.957
132,0.005,287.2667,1779893355.0661
133,0.001,286.798,1779893355.1747
134,0.001,286.5241,1779893355.2833
135,0.0,286.3093,1779893355.3903
136,0.0,286.2156,1779893355.499
137,0.0,286.5081,1779893355.6085
138,0.0,286.7351,1779893355.7167
139,0.0,286.887,1779893355.8247
140,0.0,287.1748,1779893355.9336
141,0.0,287.3579,1779893356.0422
142,0.0,287.4201,1779893356.1497
143,0.0,287.4411,1779893356.2582
144,0.0,287.3845,1779893356.3663
145,0.0,287.3877,1779893356.4748
146,0.0,287.3682,1779893356.5843
147,0.0,287.3676,1779893356.6946
148,0.0,287.3689,1779893356.803
149,0.0,287.4136,1779893356.9115
150,0.0,287.3923,1779893357.0209
151,0.0,287.37,1779893357.1297
152,0.0,287.3498,1779893357.238
153,0.0,287.3775,1779893357.3459
154,0.0,287.4232,1779893357.4538
155,0.0,287.4029,1779893357.5619
156,0.0,287.4473,1779893357.6702
157,-0.001,287.4333,1779893357.778
158,-0.001,287.4651,1779893357.8861
159,-0.001,287.4423,1779893357.9937
160,-0.001,287.4355,1779893358.1027
161,-0.001,287.4354,1779893358.2108
162,-0.001,287.4197,1779893358.3189
163,-0.001,287.4207,1779893358.4271
164,-0.001,287.4291,1779893358.5357
165,-0.001,287.4733,1779893358.6437
166,-0.001,287.458,1779893358.7519
167,-0.001,287.4592,1779893358.8601
168,-0.001,287.4595,1779893358.9683
169,-0.001,287.495,1779893359.0763
170,-0.001,287.5128,1779893359.1839
171,-0.001,287.4724,1779893359.2916
172,-0.001,287.4992,1779893359.3993
173,-0.001,287.4545,1779893359.5075
174,-0.001,287.4791,1779893359.6157
175,-0.001,287.4835,1779893359.7234
176,-0.001,287.4752,1779893359.8312
177,-0.001,287.4566,1779893359.9401
178,-0.001,287.4998,1779893360.0478
179,-0.001,287.4878,1779893360.1563
180,-0.001,287.4546,1779893360.2643
181,-0.001,287.4494,1779893360.3727
182,-0.001,287.5361,1779893360.4811
183,-0.001,287.4606,1779893360.589
184,-0.001,287.4736,1779893360.6974
185,-0.001,287.5001,1779893360.8058
186,-0.001,287.5092,1779893360.9141
187,-0.001,287.5303,1779893361.0225
188,-0.001,287.4959,1779893361.1309
189,-0.001,287.4945,1779893361.2392
190,-0.001,287.5005,1779893361.3469
191,-0.001,287.4661,1779893361.4544
192,-0.001,287.5015,1779893361.5625
193,-0.001,287.5155,1779893361.6704
194,-0.001,287.4583,1779893361.7782
195,-0.001,287.5299,1779893361.8856
196,-0.001,287.4767,1779893361.9935
197,-0.001,287.4688,1779893362.1014
198,-0.001,287.5099,1779893362.2094
199,-0.001,287.4855,1779893362.3172
200,-0.001,287.4971,1779893362.425
201,-0.001,287.4945,1779893362.533
202,-0.001,287.4658,1779893362.6411
203,-0.001,287.4776,1779893362.7489
204,-0.001,287.4798,1779893362.8575
205,-0.001,287.4889,1779893362.9657
206,-0.001,287.4641,1779893363.0741
207,-0.001,287.5066,1779893363.1818
208,-0.001,287.5316,1779893363.288
209,-0.001,287.5081,1779893363.3956
210,-0.001,287.457,1779893363.5032
211,-0.001,287.5065,1779893363.6111
212,-0.001,287.519,1779893363.7193
213,-0.001,287.529,1779893363.8273
214,-0.001,287.5226,1779893363.9358
215,-0.001,287.5351,1779893364.0441
216,-0.001,287.5377,1779893364.1522
217,-0.001,287.4713,1779893364.2603
218,-0.001,287.5539,1779893364.3693
219,-0.001,287.5358,1779893364.4777
220,-0.001,287.5454,1779893364.5845
221,-0.001,287.5523,1779893364.6925
222,-0.001,287.5148,1779893364.8003
223,-0.001,287.5294,1779893364.909
224,-0.001,287.5313,1779893365.0171
225,-0.001,287.527,1779893365.1248
226,-0.001,287.5379,1779893365.2319
227,-0.001,287.5742,1779893365.3395
228,-0.001,287.515,1779893365.4468
229,-0.001,287.5329,1779893365.5546
230,-0.001,287.5019,1779893365.6626
231,-0.001,287.584,1779893365.7704
232,-0.001,287.5221,1779893365.878
233,-0.001,287.577,1779893365.986
234,-0.001,287.5891,1779893366.0937
235,-0.001,287.5984,1779893366.2034
236,-0.001,287.6045,1779893366.3115
237,-0.001,287.5827,1779893366.4192
238,-0.001,287.5231,1779893366.5278
239,-0.001,287.4677,1779893366.636
240,-0.001,287.3206,1779893366.7442
241,-0.001,287.1018,1779893366.8519
242,-0.001,287.2046,1779893366.9607
243,-0.001,287.4471,1779893367.0688
244,-0.001,287.4516,1779893367.1767
245,-0.001,287.4366,1779893367.2852
246,-0.001,287.1477,1779893367.3932
247,-0.001,286.9152,1779893367.501
248,-0.001,287.0701,1779893367.609
249,-0.001,287.3058,1779893367.7166
250,-0.001,287.5026,1779893367.8247
251,-0.001,287.5705,1779893367.9323
252,-0.001,287.5558,1779893368.0395
253,-0.001,287.5684,1779893368.1474
254,-0.001,287.6257,1779893368.2565
255,-0.001,287.5749,1779893368.3646
256,-0.001,287.6159,1779893368.4719
257,-0.001,287.6374,1779893368.5802
258,-0.001,287.6043,1779893368.6884
259,-0.001,287.59,1779893368.7974
260,-0.001,287.6009,1779893368.9059
261,-0.002,287.6298,1779893369.0142
262,-0.002,287.5845,1779893369.1219
263,-0.002,287.6105,1779893369.2305
264,-0.002,287.6655,1779893369.3385
265,-0.002,287.5955,1779893369.4465
266,-0.002,287.6243,1779893369.5547
267,-0.002,287.5956,1779893369.6626
268,-0.002,287.627,1779893369.7706
269,-0.002,287.6197,1779893369.8785
270,-0.002,287.5921,1779893369.986
271,-0.002,287.6352,1779893370.0937
272,-0.002,287.6352,1779893370.2013
273,-0.002,287.637,1779893370.31
274,-0.002,287.6369,1779893370.4191
275,-0.002,287.6062,1779893370.5272
276,-0.002,287.6,1779893370.6348
277,-0.002,287.599,1779893370.7427
278,-0.002,287.6449,1779893370.8516
279,-0.002,287.608,1779893370.9605
280,-0.002,287.659,1779893371.0688
281,-0.002,287.6654,1779893371.1767
282,-0.002,287.6913,1779893371.2849
283,-0.002,287.7192,1779893371.3925
284,-0.002,287.7549,1779893371.5009
285,-0.002,287.6996,1779893371.6092
286,-0.002,287.6749,1779893371.717
287,-0.002,287.5325,1779893371.8261
288,-0.002,287.4871,1779893371.9349
289,-0.002,287.4238,1779893372.0433
290,-0.002,287.4214,1779893372.1513
291,-0.002,287.466,1779893372.2603
292,-0.002,287.4152,1779893372.3678
293,-0.002,287.4538,1779893372.4768
294,-0.002,287.4688,1779893372.5849
295,-0.002,287.448,1779893372.6938
296,-0.002,287.5822,1779893372.8014
297,-0.002,287.6269,1779893372.9089
298,-0.002,287.7383,1779893373.018
299,-0.002,287.7618,1779893373.1258
300,-0.002,287.7816,1779893373.2341
301,-0.002,287.7566,1779893373.3424
302,-0.002,287.7766,1779893373.4507
303,-0.002,287.6955,1779893373.5593
304,-0.002,287.4519,1779893373.6674
305,-0.002,287.4615,1779893373.7755
306,-0.002,287.4767,1779893373.8845
307,-0.002,287.4387,1779893373.9926
308,-0.002,287.6261,1779893374.1013
309,-0.002,287.7047,1779893374.209
310,-0.002,287.7112,1779893374.3177
311,-0.002,287.6984,1779893374.4258
312,-0.002,287.7687,1779893374.5342
313,-0.002,287.7519,1779893374.6431
314,-0.002,287.738,1779893374.7516
315,-0.002,287.7733,1779893374.8599
316,-0.002,287.7715,1779893374.9685
317,-0.002,287.7854,1779893375.0766
318,-0.002,287.7715,1779893375.1853
319,-0.002,287.7564,1779893375.2976
320,-0.002,287.7613,1779893375.405
321,-0.002,287.7289,1779893375.5141
322,-0.002,287.5196,1779893375.6217
323,-0.002,287.471,1779893375.7299
324,-0.002,287.5298,1779893375.8385
325,-0.002,287.4587,1779893375.9462
326,-0.002,287.48,1779893376.0553
327,-0.002,287.5446,1779893376.1644
328,-0.002,287.5643,1779893376.2721
329,-0.002,287.5852,1779893376.3805
330,-0.002,287.4229,1779893376.4884
331,-0.002,287.0899,1779893376.5971
332,-0.002,286.9485,1779893376.7054
333,-0.002,286.9338,1779893376.8137
334,-0.002,286.7198,1779893376.9217
335,-0.002,285.6024,1779893377.0298
336,-0.002,285.103,1779893377.1383
337,-0.002,285.2193,1779893377.2463
338,-0.002,285.9634,1779893377.354
339,-0.002,288.2643,1779893377.4623
340,-0.002,291.0872,1779893377.5707
341,-0.002,294.2713,1779893377.6791
342,-0.002,296.6691,1779893377.7881
343,-0.002,298.6569,1779893377.8965
344,-0.002,299.5542,1779893378.0048
345,-0.002,300.2503,1779893378.113
346,-0.002,300.6128,1779893378.2209
347,-0.002,300.999,1779893378.33
348,-0.002,301.0841,1779893378.4396
349,-0.002,301.3285,1779893378.5482
350,-0.002,301.4065,1779893378.6561
351,-0.002,301.4747,1779893378.7638
352,-0.002,301.5285,1779893378.8719
353,-0.002,301.5492,1779893378.9805
354,-0.002,301.7211,1779893379.0887
355,-0.002,301.8882,1779893379.1966
356,-0.002,301.9947,1779893379.3046
357,-0.002,302.1726,1779893379.4131
358,-0.002,302.2769,1779893379.5216
359,-0.002,302.229,1779893379.63
360,-0.002,302.0862,1779893379.7378
361,-0.002,302.0505,1779893379.846
362,-0.002,301.8671,1779893379.9548
363,-0.002,301.6933,1779893380.0634
364,-0.002,301.5081,1779893380.1713
365,-0.002,301.3767,1779893380.2791
366,-0.002,301.325,1779893380.3867
367,-0.002,301.2922,1779893380.4943
368,-0.002,301.0992,1779893380.6032
369,-0.002,301.0339,1779893380.7114
370,-0.002,300.9977,1779893380.8191
371,-0.002,300.905,1779893380.9273
372,-0.002,300.7675,1779893381.0352
373,-0.002,300.7944,1779893381.143
374,-0.002,300.7124,1779893381.251
375,-0.002,300.647,1779893381.3586
376,-0.002,300.6297,1779893381.4661
377,-0.002,300.6211,1779893381.5758
378,-0.002,300.5814,1779893381.6841
379,-0.002,300.5365,1779893381.7916
380,-0.002,300.5109,1779893381.8995
381,-0.002,300.4874,1779893382.008
382,-0.002,300.444,1779893382.1165
383,-0.002,300.3808,1779893382.225
384,-0.002,300.3414,1779893382.3333
385,-0.002,300.341,1779893382.4396
386,-0.002,300.217,1779893382.5477
387,-0.002,300.205,1779893382.6569
388,-0.002,300.0789,1779893382.7653
389,-0.002,300.1335,1779893382.8734
390,-0.002,300.0467,1779893382.981
391,-0.002,299.9707,1779893383.089
392,-0.002,299.965,1779893383.1973
393,-0.002,299.9479,1779893383.306
394,-0.002,299.945,1779893383.415
395,-0.002,299.9014,1779893383.524
396,-0.002,299.8734,1779893383.6332
397,-0.002,299.8418,1779893383.7421
398,-0.002,299.8089,1779893383.8503
399,-0.002,299.7278,1779893383.9582
400,-0.002,299.7045,1779893384.067
401,-0.002,299.6797,1779893384.1752
402,-0.002,299.5935,1779893384.2833
403,-0.002,299.5743,1779893384.3918
404,-0.002,299.4035,1779893384.502
405,-0.002,299.3639,1779893384.6103
406,-0.002,299.3389,1779893384.7184
407,-0.002,299.2454,1779893384.8267
408,-0.002,299.1961,1779893384.9354
409,-0.002,299.1421,1779893385.0441
410,-0.002,299.1086,1779893385.1524
411,-0.002,299.131,1779893385.2613
412,-0.002,298.9945,1779893385.3697
413,-0.002,298.9223,1779893385.4782
414,-0.002,298.8663,1779893385.5861
415,-0.002,298.7296,1779893385.6941
416,-0.002,298.693,1779893385.8026
417,-0.002,298.6245,1779893385.9111
418,-0.002,298.58,1779893386.0197
419,-0.002,298.5509,1779893386.1287
420,-0.002,298.4761,1779893386.2367
421,-0.002,298.4906,1779893386.3446
422,-0.002,298.3968,1779893386.4535
423,-0.002,298.375,1779893386.5615
424,-0.002,298.3469,1779893386.6701
425,-0.002,298.2983,1779893386.7784
426,-0.002,298.3159,1779893386.8863
427,-0.002,298.2621,1779893386.9946
428,-0.002,298.2213,1779893387.1028
429,-0.002,298.1941,1779893387.2112
430,-0.002,298.2209,1779893387.3206
431,-0.002,298.1754,1779893387.4282
432,-0.002,298.1691,1779893387.5369
433,-0.002,298.1613,1779893387.6448
434,-0.002,298.177,1779893387.7533
435,-0.002,298.0913,1779893387.861
436,-0.002,298.1803,1779893387.9696
437,-0.002,298.1306,1779893388.0786
438,-0.002,298.1358,1779893388.1866
439,-0.002,298.163,1779893388.2943
440,-0.002,298.0991,1779893388.4023
441,-0.002,298.1202,1779893388.5123
442,-0.002,298.037,1779893388.6211
443,-0.002,297.6623,1779893388.7288
444,-0.002,297.1201,1779893388.8365
445,-0.002,296.3597,1779893388.9447
446,-0.002,295.6667,1779893389.0531
447,-0.002,294.5743,1779893389.1612
448,-0.002,293.6716,1779893389.2693
449,-0.002,292.7323,1779893389.3771
450,-0.002,291.6103,1779893389.4858
451,-0.002,290.145,1779893389.5943
452,-0.002,289.1324,1779893389.7023
453,-0.002,288.1323,1779893389.8105
454,-0.002,287.1596,1779893389.9187
455,-0.002,286.1491,1779893390.0271
456,-0.002,285.6169,1779893390.1354
457,-0.002,285.4183,1779893390.2436
458,-0.002,285.3275,1779893390.3509
459,-0.002,285.3118,1779893390.46
460,-0.002,285.2913,1779893390.5665
461,-0.002,285.4545,1779893390.6761
462,-0.002,285.8895,1779893390.7849
463,-0.002,286.8038,1779893390.8929
464,-0.002,287.6857,1779893391.0016
465,-0.002,288.7661,1779893391.1099
466,-0.002,289.9999,1779893391.2183
467,-0.002,291.8551,1779893391.3268
468,-0.002,293.102,1779893391.4352
469,-0.002,294.3549,1779893391.5435
470,-0.002,295.1789,1779893391.6518
471,-0.002,296.0183,1779893391.7607
472,-0.002,296.534,1779893391.8696
473,-0.002,296.9689,1779893391.9779
474,-0.002,297.2267,1779893392.0855
475,-0.002,297.3674,1779893392.194
476,-0.002,297.4726,1779893392.3025
477,-0.002,297.6235,1779893392.4099
478,-0.002,297.8007,1779893392.5181
479,-0.002,298.0049,1779893392.6287
480,-0.002,298.0694,1779893392.7366
481,-0.002,298.3035,1779893392.844
482,-0.002,298.5581,1779893392.9502
483,-0.002,298.8456,1779893393.0588
484,-0.002,299.1886,1779893393.1676
485,-0.002,299.604,1779893393.2765
486,-0.002,299.9078,1779893393.385
487,-0.002,300.154,1779893393.4941
488,-0.002,300.2992,1779893393.6028
489,-0.002,300.2571,1779893393.7109
490,-0.002,300.7351,1779893393.8186
491,-0.002,301.1266,1779893393.9275
492,-0.002,301.0309,1779893394.036
493,-0.002,301.3593,1779893394.1436
494,-0.002,301.4614,1779893394.2523
495,-0.002,301.3123,1779893394.361
496,-0.002,301.2008,1779893394.4689
497,-0.002,300.9544,1779893394.5776
498,-0.002,301.2397,1779893394.6858
499,-0.002,301.5397,1779893394.7935
500,-0.002,301.8078,1779893394.9024
501,-0.002,301.745,1779893395.0099
502,-0.002,301.9081,1779893395.1184
503,-0.002,302.0359,1779893395.2262
504,-0.002,302.0487,1779893395.3349
505,-0.002,302.131,1779893395.4437
506,-0.002,302.0777,1779893395.5521
507,-0.002,302.0852,1779893395.6603
508,-0.002,302.0618,1779893395.7688
509,-0.002,302.15,1779893395.8768
510,-0.002,302.1733,1779893395.9847
511,-0.002,302.0729,1779893396.0927
512,-0.002,302.0501,1779893396.201
513,-0.002,302.0199,1779893396.3098
514,-0.002,302.0564,1779893396.4188
515,-0.002,301.9109,1779893396.5268
516,-0.002,301.8873,1779893396.6346
517,-0.002,301.9036,1779893396.7423
518,-0.002,301.9172,1779893396.8513
519,-0.002,301.7592,1779893396.9602
520,-0.002,301.8127,1779893397.0683
521,-0.002,301.7616,1779893397.1774
522,-0.002,301.8367,1779893397.2852
523,-0.002,301.7885,1779893397.3934
524,-0.002,301.8176,1779893397.5017
525,-0.002,301.7362,1779893397.6093
526,-0.002,301.7483,1779893397.7172
527,-0.002,301.7189,1779893397.8255
528,-0.002,301.733,1779893397.9336
529,-0.002,301.718,1779893398.0422
530,-0.002,301.6629,1779893398.1513
531,-0.002,301.6781,1779893398.2593
532,-0.002,301.6626,1779893398.3679
533,-0.002,301.6164,1779893398.4768
534,-0.002,301.6263,1779893398.5847
535,-0.002,301.5757,1779893398.691
536,-0.002,301.535,1779893398.8007
537,-0.002,301.5215,1779893398.91
538,-0.002,301.4726,1779893399.0204
539,-0.002,301.3549,1779893399.1307
540,-0.002,301.3625,1779893399.2402
541,-0.002,301.267,1779893399.3481
542,-0.002,301.2796,1779893399.4562
543,-0.002,301.0688,1779893399.564
544,-0.002,300.9463,1779893399.6725
545,-0.002,300.7649,1779893399.7808
546,-0.002,300.4689,1779893399.8888
547,-0.002,300.0847,1779893399.9972
548,-0.002,300.3394,1779893400.1061
549,-0.002,300.6094,1779893400.2152
550,-0.002,300.7722,1779893400.3249
551,-0.002,300.7823,1779893400.4333
552,-0.002,300.7825,1779893400.5397
553,-0.002,300.7204,1779893400.6455
554,-0.002,300.6104,1779893400.7535
555,-0.002,300.6538,1779893400.8625
556,-0.002,300.5848,1779893400.9706
557,-0.002,300.538,1779893401.0791
558,-0.002,300.465,1779893401.1886
559,-0.002,300.4729,1779893401.297
560,-0.002,300.3654,1779893401.4049
561,-0.002,300.339,1779893401.5132
562,-0.002,300.2641,1779893401.6213
563,-0.002,300.1702,1779893401.7299
564,-0.002,300.0536,1779893401.8384
565,-0.002,299.7906,1779893401.947
566,-0.002,299.2689,1779893402.0554
567,-0.002,299.0696,1779893402.1635
568,-0.002,298.7309,1779893402.272
569,-0.002,298.4953,1779893402.3803
570,-0.002,298.58,1779893402.488
571,-0.002,298.9245,1779893402.5965
572,-0.002,299.069,1779893402.7051
573,-0.002,299.2926,1779893402.8146
574,-0.002,299.4456,1779893402.9233
575,-0.002,299.6649,1779893403.0315
576,-0.002,299.6926,1779893403.1397
577,-0.002,299.5889,1779893403.248
578,-0.002,299.503,1779893403.356
579,-0.002,299.5142,1779893403.4636
580,-0.002,299.5539,1779893403.571
581,-0.002,299.4382,1779893403.679
582,-0.002,299.3046,1779893403.7876
583,-0.002,299.2784,1779893403.8959
584,-0.002,299.3049,1779893404.004
585,-0.002,299.2729,1779893404.1121
586,-0.002,299.093,1779893404.2202
587,-0.002,299.0286,1779893404.3284
588,-0.002,299.0342,1779893404.437
589,-0.002,298.9721,1779893404.5453
590,-0.002,298.9264,1779893404.6537
591,-0.002,298.918,1779893404.7619
592,-0.002,298.9094,1779893404.8736
593,-0.002,298.8266,1779893404.9811
594,-0.002,298.8056,1779893405.0891
595,-0.002,298.7337,1779893405.1973
596,-0.002,298.7257,1779893405.3059
597,-0.002,298.6726,1779893405.4139
598,-0.003,298.5653,1779893405.5217
599,-0.002,298.516,1779893405.6297
600,-0.002,298.4822,1779893405.7369
601,-0.002,298.3912,1779893405.8455
602,-0.002,298.3372,1779893405.9544
603,-0.002,298.2841,1779893406.0632
604,-0.002,298.277,1779893406.1724
605,-0.002,298.3199,1779893406.2811
606,-0.002,298.264,1779893406.389
607,-0.002,298.0395,1779893406.4966
608,-0.002,297.7381,1779893406.6044
609,-0.002,297.5885,1779893406.7125
610,-0.002,297.8711,1779893406.8206
611,-0.002,298.0677,1779893406.929
612,-0.002,298.1835,1779893407.0382
613,-0.002,298.2718,1779893407.1466
614,-0.002,298.2247,1779893407.2549
615,-0.002,298.2708,1779893407.3626
616,-0.002,298.1686,1779893407.4705
617,-0.002,298.2114,1779893407.5786
618,-0.002,298.1945,1779893407.6863
619,-0.002,298.2431,1779893407.795
620,-0.002,298.1727,1779893407.9035
621,-0.001,298.3039,1779893408.0117
622,-0.001,298.4186,1779893408.12
623,-0.001,298.5236,1779893408.2286
624,0.0,298.5499,1779893408.3366
625,0.0,298.4037,1779893408.4452
626,0.0,298.7823,1779893408.5537
627,0.001,298.4144,1779893408.6623
628,0.001,298.6857,1779893408.7704
629,0.002,298.9848,1779893408.8789
630,0.002,299.3456,1779893408.9874
631,0.003,299.3449,1779893409.095
632,0.004,299.409,1779893409.2032
633,0.005,299.4562,1779893409.3114
634,0.006,300.1171,1779893409.4194
635,0.007,300.3316,1779893409.5279
636,0.008,300.3025,1779893409.6362
637,0.008,300.3019,1779893409.7442
638,0.009,300.3655,1779893409.8523
639,0.009,300.4005,1779893409.9617
640,0.01,300.3759,1779893410.0702
641,0.01,300.4013,1779893410.1784
642,0.011,300.4695,1779893410.2865
643,0.011,300.4603,1779893410.3943
644,0.012,300.5938,1779893410.5023
645,0.012,301.0054,1779893410.6103
646,0.013,301.3965,1779893410.7183
647,0.014,301.9006,1779893410.8254
648,0.014,302.1364,1779893410.9323
649,0.016,302.4736,1779893411.0407
650,0.017,302.9325,1779893411.149
651,0.019,303.9523,1779893411.2578
652,0.02,304.7163,1779893411.3661
653,0.022,305.628,1779893411.4746
654,0.024,306.4052,1779893411.5831
655,0.025,307.2187,1779893411.6914
656,0.027,307.3484,1779893411.7999
657,0.028,307.3965,1779893411.9082
658,0.029,307.4658,1779893412.0163
659,0.031,307.4974,1779893412.1249
660,0.032,307.5245,1779893412.2328
661,0.033,307.4666,1779893412.3412
662,0.033,307.479,1779893412.4492
663,0.034,307.1389,1779893412.5582
664,0.036,306.9755,1779893412.6663
665,0.037,307.5803,1779893412.7752
666,0.038,308.1542,1779893412.8834
667,0.038,308.4255,1779893412.9927
668,0.039,308.4336,1779893413.1027
669,0.039,308.4511,1779893413.2107
670,0.04,308.1657,1779893413.319
671,0.04,308.1167,1779893413.4278
672,0.04,307.9954,1779893413.537
673,0.04,307.8138,1779893413.6458
674,0.04,307.6411,1779893413.7548
675,0.04,307.2309,1779893413.8618
676,0.04,306.8268,1779893413.9696
677,0.04,306.4232,1779893414.0778
678,0.039,306.5786,1779893414.1866
679,0.039,306.9106,1779893414.2947
680,0.039,307.109,1779893414.4032
681,0.039,307.2379,1779893414.5122
682,0.039,307.1596,1779893414.62
683,0.039,307.2408,1779893414.7278
684,0.039,307.147,1779893414.8357
685,0.039,307.199,1779893414.9445
686,0.038,307.2723,1779893415.0522
687,0.038,307.2727,1779893415.1603
688,0.038,307.2047,1779893415.2682
689,0.038,307.1517,1779893415.376
690,0.038,306.8721,1779893415.4847
691,0.038,306.8559,1779893415.5938
692,0.038,306.8486,1779893415.702
693,0.038,307.0212,1779893415.8107
694,0.038,307.0672,1779893415.9188
695,0.038,307.2438,1779893416.0267
696,0.039,307.4146,1779893416.1352
697,0.039,307.5889,1779893416.2433
698,0.04,308.0144,1779893416.3513
699,0.04,308.2035,1779893416.4592
700,0.041,308.239,1779893416.5676
701,0.041,308.2207,1779893416.6758
702,0.041,308.1402,1779893416.7842
703,0.042,308.1135,1779893416.8926
704,0.042,308.1227,1779893417.0003
705,0.042,308.0791,1779893417.1084
706,0.042,308.1058,1779893417.2161
707,0.042,308.1417,1779893417.3236
708,0.043,308.3554,1779893417.4311
709,0.044,308.7415,1779893417.5392
710,0.045,309.5116,1779893417.6485
711,0.046,310.0131,1779893417.7564
712,0.047,310.4953,1779893417.8642
713,0.048,310.7118,1779893417.9725
714,0.049,310.7583,1779893418.0811
715,0.05,310.8065,1779893418.1898
716,0.05,310.8431,1779893418.2977
717,0.051,310.9111,1779893418.406
718,0.051,310.7605,1779893418.5147
719,0.052,310.6542,1779893418.6234
720,0.052,310.6134,1779893418.7311
721,0.052,310.5369,1779893418.8394
722,0.053,310.4686,1779893418.9476
723,0.053,310.3611,1779893419.0537
724,0.053,310.0794,1779893419.1615
725,0.053,309.6756,1779893419.2689
726,0.053,309.2572,1779893419.3775
727,0.053,309.5661,1779893419.4857
728,0.053,309.943,1779893419.5935
729,0.053,310.129,1779893419.7016
730,0.053,310.1891,1779893419.81
731,0.053,310.1207,1779893419.9185
732,0.053,310.0505,1779893420.0264
733,0.053,310.0074,1779893420.1344
734,0.053,309.9955,1779893420.2427
735,0.053,309.8247,1779893420.351
736,0.053,309.5368,1779893420.4593
737,0.053,309.0974,1779893420.5679
738,0.053,309.367,1779893420.6761
739,0.053,309.6863,1779893420.7841
740,0.052,309.8438,1779893420.8925
741,0.052,309.9003,1779893421.0011
742,0.052,309.9037,1779893421.1107
743,0.052,309.8563,1779893421.2193
744,0.052,309.8145,1779893421.3275
745,0.051,309.8482,1779893421.4353
746,0.051,309.7824,1779893421.543
747,0.051,309.6481,1779893421.6512
748,0.05,309.7265,1779893421.7593
749,0.05,310.0263,1779893421.8673
750,0.05,309.977,1779893421.9753
751,0.049,310.1205,1779893422.0841
752,0.049,309.9461,1779893422.194
753,0.048,309.9299,1779893422.3017
754,0.048,309.9548,1779893422.41
755,0.047,309.9768,1779893422.5185
756,0.047,309.9074,1779893422.627
757,0.047,309.9641,1779893422.7349
758,0.046,310.0512,1779893422.8443
759,0.046,309.9721,1779893422.9526
760,0.046,309.9904,1779893423.0596
761,0.045,310.0077,1779893423.1676
762,0.045,310.0018,1779893423.2762
763,0.044,310.0615,1779893423.385
764,0.044,310.0136,1779893423.4935
765,0.044,309.8528,1779893423.6021
766,0.044,309.7483,1779893423.7101
767,0.043,309.7658,1779893423.8186
768,0.043,309.7985,1779893423.9268
769,0.043,309.8051,1779893424.0353
770,0.042,309.7408,1779893424.1434
771,0.042,309.6918,1779893424.2513
772,0.042,309.7235,1779893424.36
773,0.042,309.7021,1779893424.4683
774,0.042,309.6222,1779893424.5777
775,0.042,309.5934,1779893424.6857
776,0.042,309.5904,1779893424.7933
777,0.041,309.419,1779893424.9015
778,0.041,309.2368,1779893425.0092
779,0.041,308.7342,1779893425.117
780,0.041,308.2512,1779893425.2257
781,0.041,308.0507,1779893425.3345
782,0.041,308.4651,1779893425.4432
783,0.041,308.9406,1779893425.5513
784,0.041,309.105,1779893425.6595
785,0.041,309.1401,1779893425.7674
786,0.041,309.1926,1779893425.8758
787,0.041,309.1,1779893425.9845
788,0.041,309.0483,1779893426.0933
789,0.041,309.0878,1779893426.2017
790,0.041,309.064,1779893426.3097
791,0.041,309.0656,1779893426.4184
792,0.041,309.0557,1779893426.5266
793,0.041,308.8807,1779893426.6345
794,0.041,308.7973,1779893426.7428
795,0.041,308.7238,1779893426.8516
796,0.041,308.6682,1779893426.9598
797,0.041,308.5375,1779893427.0675
798,0.041,308.3266,1779893427.1743
799,0.041,308.583,1779893427.2826
800,0.041,308.7878,1779893427.3906
801,0.041,308.7365,1779893427.4985
802,0.041,308.8196,1779893427.6062
803,0.04,308.8957,1779893427.7139
804,0.04,309.0933,1779893427.8218
805,0.04,309.1085,1779893427.9302
806,0.04,309.0142,1779893428.0382
807,0.04,308.8755,1779893428.1459
808,0.04,308.7582,1779893428.2539
809,0.041,308.7001,1779893428.3624
810,0.041,308.579,1779893428.4702
811,0.041,308.5126,1779893428.5785
812,0.041,308.5111,1779893428.6866
813,0.041,308.4393,1779893428.7946
814,0.041,308.4113,1779893428.9026
815,0.041,308.3605,1779893429.0104
816,0.041,308.4498,1779893429.1182
817,0.042,308.5436,1779893429.2255
818,0.042,308.6264,1779893429.3342
819,0.042,308.6706,1779893429.4429
820,0.042,308.5964,1779893429.5509
821,0.042,308.6405,1779893429.6593
822,0.042,308.6404,1779893429.7668
823,0.042,308.8347,1779893429.8748
824,0.042,309.2266,1779893429.9829
825,0.041,309.2658,1779893430.0919
826,0.041,309.0196,1779893430.2
827,0.041,308.9362,1779893430.3093
828,0.041,308.5911,1779893430.4188
829,0.042,308.4728,1779893430.5291
830,0.042,308.4713,1779893430.638
831,0.042,308.5656,1779893430.7455
832,0.042,308.5687,1779893430.8533
833,0.042,308.6047,1779893430.9614
834,0.043,308.6506,1779893431.0696
835,0.043,308.7167,1779893431.1775
836,0.043,308.9803,1779893431.2862
837,0.043,309.2554,1779893431.3943
838,0.044,309.683,1779893431.5025
839,0.044,310.0632,1779893431.6108
840,0.045,310.5592,1779893431.7198
841,0.046,310.9102,1779893431.8284
842,0.047,311.2742,1779893431.9365
843,0.047,311.4376,1779893432.0444
844,0.048,311.6858,1779893432.1531
845,0.049,311.9658,1779893432.2619
846,0.051,312.4626,1779893432.37
847,0.053,312.8768,1779893432.4774
848,0.054,312.8523,1779893432.5871
849,0.054,313.009,1779893432.696
850,0.055,313.0731,1779893432.8041
851,0.056,313.4894,1779893432.9129
852,0.057,313.5603,1779893433.0207
853,0.058,313.5573,1779893433.1278
854,0.059,313.4196,1779893433.2363
855,0.059,313.3431,1779893433.3441
856,0.06,313.3364,1779893433.452
857,0.06,313.2967,1779893433.5596
858,0.061,313.2019,1779893433.6675
859,0.061,313.1837,1779893433.7749
860,0.062,313.1379,1779893433.8829
861,0.062,313.2573,1779893433.9909
862,0.062,313.2136,1779893434.0993
863,0.063,313.2112,1779893434.2079
864,0.063,313.3058,1779893434.3168
865,0.063,313.2964,1779893434.4269
866,0.063,313.2279,1779893434.5374
867,0.063,313.1937,1779893434.647
868,0.063,313.1347,1779893434.7572
869,0.064,313.1859,1779893434.8668
870,0.064,313.2664,1779893434.9746
871,0.064,313.1909,1779893435.0835
872,0.064,313.1948,1779893435.1918
873,0.064,313.2051,1779893435.2992
874,0.064,313.159,1779893435.4083
875,0.064,313.232,1779893435.5161
876,0.064,313.1691,1779893435.625
877,0.064,313.2653,1779893435.7313
878,0.063,313.3066,1779893435.8393
879,0.063,313.2932,1779893435.9469
880,0.063,313.3452,1779893436.0545
881,0.063,313.3247,1779893436.1626
882,0.063,313.2589,1779893436.2699
883,0.063,313.1717,1779893436.3782
884,0.063,313.1461,1779893436.4863
885,0.063,313.1619,1779893436.5952
886,0.063,313.1245,1779893436.7029
887,0.063,313.0914,1779893436.8115
888,0.063,313.1001,1779893436.9199
889,0.063,313.0287,1779893437.0289
890,0.063,313.0748,1779893437.137
891,0.063,312.9636,1779893437.2453
892,0.063,312.914,1779893437.3516
893,0.064,312.9326,1779893437.4591
894,0.064,312.9231,1779893437.5667
895,0.064,313.4224,1779893437.6744
896,0.065,313.9185,1779893437.7805
897,0.065,313.9314,1779893437.8863
898,0.066,313.9197,1779893437.9944
899,0.067,314.2011,1779893438.1025
900,0.067,314.5939,1779893438.211
901,0.068,314.5251,1779893438.319
902,0.069,314.5217,1779893438.4273
903,0.069,314.8442,1779893438.5356
904,0.07,314.962,1779893438.6439
905,0.07,314.9218,1779893438.7529
906,0.071,314.941,1779893438.8622
907,0.071,314.8955,1779893438.9702
908,0.072,314.8624,1779893439.0784
909,0.072,314.8526,1779893439.1865
910,0.072,314.8597,1779893439.2941
911,0.073,314.8,1779893439.4002
912,0.073,314.8099,1779893439.5082
913,0.073,314.8464,1779893439.6166
914,0.073,314.8572,1779893439.7244
915,0.073,314.8101,1779893439.8327
916,0.073,314.7834,1779893439.9411
917,0.072,314.163,1779893440.0494
918,0.071,312.7512,1779893440.1567
919,0.07,312.6874,1779893440.2648
920,0.07,312.6432,1779893440.3732
921,0.068,312.3601,1779893440.4819
922,0.067,310.7557,1779893440.59
923,0.065,310.6667,1779893440.6978
924,0.062,310.5994,1779893440.8056
925,0.06,310.025,1779893440.9138
926,0.058,308.8194,1779893441.0222
927,0.057,308.8311,1779893441.1305
928,0.055,308.8481,1779893441.239
929,0.053,307.9882,1779893441.3473
930,0.051,307.1926,1779893441.4554
931,0.049,307.2942,1779893441.5637
932,0.047,307.2714,1779893441.6717
933,0.044,306.154,1779893441.7802
934,0.043,306.0042,1779893441.8906
935,0.041,306.0375,1779893441.9993
936,0.039,306.0679,1779893442.1071
937,0.038,306.079,1779893442.2156
938,0.036,306.0962,1779893442.3233
939,0.033,306.0051,1779893442.4316
940,0.031,305.2455,1779893442.5399
941,0.03,304.5393,1779893442.6481
942,0.028,304.5734,1779893442.7557
943,0.026,304.499,1779893442.8634
944,0.025,303.5604,1779893442.9711
945,0.023,303.6134,1779893443.0801
946,0.021,303.622,1779893443.1892
947,0.019,303.1517,1779893443.298
948,0.018,302.7657,1779893443.4056
949,0.016,302.5546,1779893443.5153
950,0.014,302.1043,1779893443.6245
951,0.013,301.5591,1779893443.7327
952,0.011,301.9877,1779893443.8408
953,0.01,302.5277,1779893443.9486
954,0.008,302.613,1779893444.0568
955,0.006,302.634,1779893444.165
956,0.006,302.5934,1779893444.273
957,0.005,302.6069,1779893444.3814
958,0.004,302.5319,1779893444.4893
959,0.003,302.5738,1779893444.5975
960,0.003,302.5933,1779893444.7056
961,0.002,302.4676,1779893444.8139
962,0.002,302.4431,1779893444.9225
963,0.001,302.4829,1779893445.0308
964,0.001,302.454,1779893445.1397
965,0.0,302.3797,1779893445.2483
966,0.0,302.2444,1779893445.3568
967,0.0,302.3125,1779893445.4642
968,-0.001,302.3139,1779893445.5725
969,-0.001,302.1575,1779893445.6811
970,-0.001,301.7103,1779893445.7894
971,-0.001,301.0847,1779893445.8977
972,-0.002,300.4145,1779893446.0059
973,-0.002,299.4665,1779893446.1139
974,-0.002,298.8091,1779893446.2226
975,-0.002,298.1023,1779893446.3317
976,-0.002,297.4644,1779893446.4401
977,-0.002,296.3364,1779893446.5482
978,-0.002,295.5148,1779893446.6557
979,-0.002,294.6938,1779893446.764
980,-0.003,294.1154,1779893446.8716
981,-0.003,292.9264,1779893446.9798
982,-0.003,292.1647,1779893447.0881
983,-0.003,291.4696,1779893447.1965
984,-0.003,290.9969,1779893447.3047
985,-0.003,290.2885,1779893447.4132
986,-0.003,289.7625,1779893447.5213
987,-0.003,287.9975,1779893447.63
988,-0.003,286.4134,1779893447.7389
989,-0.003,285.4243,1779893447.8476
990,-0.003,285.5861,1779893447.9557
991,-0.003,285.9604,1779893448.0639
992,-0.003,286.2334,1779893448.1724
993,-0.003,286.7371,1779893448.2812
994,-0.003,287.0627,1779893448.3893
995,-0.003,287.3776,1779893448.4969
996,-0.003,287.616,1779893448.6058
997,-0.003,287.9523,1779893448.7144
998,-0.003,288.145,1779893448.8224
999,-0.003,288.4824,1779893448.9303
1000,-0.003,288.5449,1779893449.0388
1001,-0.003,288.5658,1779893449.1475
1002,-0.003,288.5848,1779893449.2558
1003,-0.003,288.622,1779893449.3642
1004,-0.003,288.6006,1779893449.4724
1005,-0.003,288.612,1779893449.5791
1006,-0.003,288.6401,1779893449.6868
1007,-0.003,288.5696,1779893449.7959
1008,-0.003,288.5844,1779893449.9046
1009,-0.003,288.6377,1779893450.0145
1010,-0.003,288.627,1779893450.1226
